Workbook

Sheet 試験項目一覧
A1: No. | B1: 試験ID | C1: 対象 | D1: 対象ドキュメント箇所 | E1: 分類 | F1: 試験項目 | G1: なぜ必要か | H1: 前提条件 | I1: 手順 | J1: 期待結果 | K1: 確認箇所 | L1: 復旧確認 | M1: 優先順位 | N1: 実施可否（暫定） | O1: 必要手段・環境 | P1: 要仕様確認事項 | Q1: 備考 | R1: 実施結果 | S1: 判定
A2: 1 | B2: B-001 | C2: B | D2: 図B：ULAgent Sender／指定フォルダ監視・対象3ファイル取得 | E2: 欠損 | F2: SAMPLINGファイルのみ未生成 | G2: 3ファイル前提の処理で欠損時の誤送信・待ち続け・取りこぼしを防ぐため。 | H2: 監視フォルダは正常。残り2種のファイルは正常に配置する。 | I2: 1) SAMPLINGのみ配置しない。 2) 監視周期を跨ぐまで待つ。 3) Sender状態・履歴・ログを確認する。 | J2: 欠損ファイルを正常取得扱いにせず、存在するファイルの扱いが仕様どおりである。異常や待機状態が識別可能である。 | K2: Sender状態、SQLite、Serilog、監視フォルダ | L2: 異常条件を解除後、通常処理へ復帰することを確認する。 | M2: P1 | N2: 実施可 | P2: 3ファイルを1セットとして扱うか、各ファイル独立処理か。
A3: 2 | B3: B-002 | C3: B | D3: 図B：ULAgent Sender／指定フォルダ監視・対象3ファイル取得 | E3: 欠損 | F3: EVENTファイルのみ未生成 | G3: 3ファイル前提の処理で欠損時の誤送信・待ち続け・取りこぼしを防ぐため。 | H3: 監視フォルダは正常。残り2種のファイルは正常に配置する。 | I3: 1) EVENTのみ配置しない。 2) 監視周期を跨ぐまで待つ。 3) Sender状態・履歴・ログを確認する。 | J3: 欠損ファイルを正常取得扱いにせず、存在するファイルの扱いが仕様どおりである。異常や待機状態が識別可能である。 | K3: Sender状態、SQLite、Serilog、監視フォルダ | L3: 異常条件を解除後、通常処理へ復帰することを確認する。 | M3: P1 | N3: 実施可 | P3: 3ファイルを1セットとして扱うか、各ファイル独立処理か。
A4: 3 | B4: B-003 | C4: B | D4: 図B：ULAgent Sender／指定フォルダ監視・対象3ファイル取得 | E4: 欠損 | F4: PROCESSファイルのみ未生成 | G4: 3ファイル前提の処理で欠損時の誤送信・待ち続け・取りこぼしを防ぐため。 | H4: 監視フォルダは正常。残り2種のファイルは正常に配置する。 | I4: 1) PROCESSのみ配置しない。 2) 監視周期を跨ぐまで待つ。 3) Sender状態・履歴・ログを確認する。 | J4: 欠損ファイルを正常取得扱いにせず、存在するファイルの扱いが仕様どおりである。異常や待機状態が識別可能である。 | K4: Sender状態、SQLite、Serilog、監視フォルダ | L4: 異常条件を解除後、通常処理へ復帰することを確認する。 | M4: P1 | N4: 実施可 | P4: 3ファイルを1セットとして扱うか、各ファイル独立処理か。
A5: 4 | B5: B-004 | C5: B | D5: 図B：ULAgent Sender／指定フォルダ監視・対象3ファイル取得 | E5: 到着順 | F5: 3ファイルを通常と異なる順番で配置 | G5: ファイル生成順に依存していると取りこぼしや誤関連付けが起きるため。 | H5: 3種類の正常ファイルを準備する。 | I5: 1) PROCESS→EVENT→SAMPLINGの順に時間差で配置。 2) 全ファイル取得まで待つ。 3) 履歴を確認。 | J5: 到着順に依存せず対象ファイルを正しく認識し、重複・欠落なく処理する。 | K5: 監視フォルダ、Sender SQLite、Serilog | L5: 異常条件を解除後、通常処理へ復帰することを確認する。 | M5: P1 | N5: 実施可
A6: 5 | B6: B-005 | C6: B | D6: 図B：ULAgent Sender／指定フォルダ監視・対象3ファイル取得 | E6: 遅延 | F6: 1ファイルだけ大幅に遅れて配置 | G6: 生成遅延時の待機・タイムアウト・後追い取得を確認するため。 | H6: 2ファイルを先に配置する。 | I6: 1) 2ファイル配置。 2) 複数監視周期後に残り1ファイルを配置。 3) 取得状況を確認。 | J6: 遅延ファイルが後から正しく取得され、先行ファイルとの状態整合が崩れない。 | K6: Sender SQLite、Serilog、監視フォルダ | L6: 異常条件を解除後、通常処理へ復帰することを確認する。 | M6: P1 | N6: 実施可 | P6: セット待機時間・タイムアウト仕様。
A7: 6 | B7: B-006 | C7: B | D7: 図B：ULAgent Sender／指定フォルダ監視・対象3ファイル取得 | E7: 異常入力 | F7: 書込み途中のファイルを検出 | G7: 生成中ファイルを取得すると欠損データ送信につながるため。 | H7: Sender監視が稼働している。 | I7: 1) 大きなファイルを低速で監視フォルダへ書込む。 2) 書込み中に監視周期を跨ぐ。 3) 取得開始有無を確認。 | J7: 書込み完了前のファイルを確定ファイルとして扱わない、または仕様どおり安全に扱う。 | K7: 監視フォルダ、Sender状態、SQLite、Serilog | L7: 異常条件を解除後、通常処理へ復帰することを確認する。 | M7: P1 | N7: 条件付き | O7: 低速コピー/生成スクリプト | P7: ファイル完成判定方式。
A8: 7 | B8: B-007 | C8: B | D8: 図B：ULAgent Sender／指定フォルダ監視・対象3ファイル取得 | E8: 異常入力 | F8: 0 byteファイル | G8: 空ファイルを正常データとして扱わないことを確認するため。 | H8: Sender監視が稼働している。 | I8: 1) 対象名の0 byteファイルを配置。 2) 監視周期後の処理を確認。 | J8: 0 byteを正常データとして誤登録せず、異常または対象外として識別できる。 | K8: 監視フォルダ、Sender状態、SQLite、Serilog | L8: 異常条件を解除後、通常処理へ復帰することを確認する。 | M8: P1 | N8: 実施可 | P8: 0 byte許容有無。
A9: 8 | B9: B-008 | C9: B | D9: 図B：ULAgent Sender／指定フォルダ監視・対象3ファイル取得 | E9: 異常入力 | F9: 極端に小さい不完全ファイル | G9: 形式上は存在するが内容不足のケースを確認するため。 | H9: Sender監視が稼働している。 | I9: 1) ヘッダのみ等の短いファイルを配置。 2) 取得・後続処理を確認。 | J9: 不完全データが正常完了扱いにならず、後続で失敗しても状態が追跡可能である。 | K9: 監視フォルダ、Sender状態、SQLite、Serilog | L9: 異常条件を解除後、通常処理へ復帰することを確認する。 | M9: P2 | N9: 実施可 | P9: Senderが内容検証する範囲。
A10: 9 | B10: B-009 | C10: B | D10: 図B：ULAgent Sender／指定フォルダ監視・対象3ファイル取得 | E10: 異常入力 | F10: 大容量ファイル | G10: サイズ増大時の読込・転送準備・メモリ消費を確認するため。 | H10: Sender監視が稼働している。 | I10: 1) 想定最大付近またはそれ以上のファイルを配置。 2) 取得時間と状態を確認。 | J10: ハング・異常終了せず、上限超過時は明確に失敗扱いとなる。 | K10: 監視フォルダ、Sender状態、SQLite、Serilog | L10: 異常条件を解除後、通常処理へ復帰することを確認する。 | M10: P1 | N10: 条件付き | O10: 大容量テストファイル | P10: 最大ファイルサイズ。
A11: 10 | B11: B-010 | C11: B | D11: 図B：ULAgent Sender／指定フォルダ監視・対象3ファイル取得 | E11: 異常入力 | F11: ファイル名不正 | G11: 監視対象判定の誤検知を防ぐため。 | H11: Sender監視が稼働している。 | I11: 1) 命名規則から1文字ずらしたファイルを配置。 2) 取得有無を確認。 | J11: 対象外ファイルを誤取得しない。 | K11: 監視フォルダ、Sender状態、SQLite、Serilog | L11: 異常条件を解除後、通常処理へ復帰することを確認する。 | M11: P2 | N11: 実施可 | P11: 正式な命名規則。
A12: 11 | B12: B-011 | C12: B | D12: 図B：ULAgent Sender／指定フォルダ監視・対象3ファイル取得 | E12: 異常入力 | F12: 拡張子不正 | G12: 誤形式ファイルの取り込みを防ぐため。 | H12: Sender監視が稼働している。 | I12: 1) 正しいベース名で拡張子のみ変更。 2) 取得有無を確認。 | J12: 対象外として扱い、正常対象へ影響しない。 | K12: 監視フォルダ、Sender状態、SQLite、Serilog | L12: 異常条件を解除後、通常処理へ復帰することを確認する。 | M12: P2 | N12: 実施可 | P12: 許容拡張子一覧。
A13: 12 | B13: B-012 | C13: B | D13: 図B：ULAgent Sender／指定フォルダ監視・対象3ファイル取得 | E13: 異常入力 | F13: 同名ファイル再配置 | G13: 再生成・再投入時の重複処理を確認するため。 | H13: Sender監視が稼働している。 | I13: 1) 一度処理済みの同名ファイルを再配置。 2) 再取得・履歴を確認。 | J13: 重複送信の扱いが仕様どおりで、履歴が矛盾しない。 | K13: 監視フォルダ、Sender状態、SQLite、Serilog | L13: 異常条件を解除後、通常処理へ復帰することを確認する。 | M13: P1 | N13: 実施可 | P13: 重複判定キー。
A14: 13 | B14: B-013 | C14: B | D14: 図B：ULAgent Sender／指定フォルダ監視・対象3ファイル取得 | E14: 異常入力 | F14: 想定外ファイル混在 | G14: 監視フォルダのノイズに対する耐性確認のため。 | H14: Sender監視が稼働している。 | I14: 1) txt/tmp/bak等を正常3ファイルと同時配置。 2) 処理確認。 | J14: 想定外ファイルを無視し、正常対象だけ処理する。 | K14: 監視フォルダ、Sender状態、SQLite、Serilog | L14: 異常条件を解除後、通常処理へ復帰することを確認する。 | M14: P2 | N14: 実施可 | P14: 無視対象・エラー対象の規定。
A15: 14 | B15: B-014 | C15: B | D15: 図B：ULAgent Sender／指定フォルダ監視・対象3ファイル取得 | E15: 異常入力 | F15: ファイルロック中 | G15: 他プロセス使用中のアクセス失敗時挙動を確認するため。 | H15: Sender監視が稼働している。 | I15: 1) 対象ファイルを排他ロック。 2) 監視周期を跨ぐ。 3) ロック解除後も確認。 | J15: 異常終了やファイル破損を起こさず、解除後に再取得できる。 | K15: 監視フォルダ、Sender状態、SQLite、Serilog | L15: 異常条件を解除後、通常処理へ復帰することを確認する。 | M15: P1 | N15: 条件付き | O15: 排他ロック用ツール/スクリプト | P15: 再試行間隔・回数。
A16: 15 | B16: B-015 | C16: B | D16: 図B：ULAgent Sender／指定フォルダ監視・対象3ファイル取得 | E16: 異常入力 | F16: 読取権限なし | G16: アクセス権異常時の例外処理確認のため。 | H16: Sender監視が稼働している。 | I16: 1) 対象ファイルの読取権限を外す。 2) 取得を待つ。 3) 権限復旧。 | J16: アクセス失敗を識別可能に記録し、プロセスが不正終了しない。 | K16: 監視フォルダ、Sender状態、SQLite、Serilog | L16: 異常条件を解除後、通常処理へ復帰することを確認する。 | M16: P1 | N16: 条件付き | O16: OS権限変更 | P16: サービス実行ユーザー権限。
A17: 16 | B17: B-016 | C17: B | D17: 図B：ULAgent Sender／指定フォルダ監視・対象3ファイル取得 | E17: 異常入力 | F17: 監視フォルダ不存在 | G17: 設定先削除・マウント切れなどを想定するため。 | H17: Sender監視が稼働している。 | I17: 1) Sender停止中に監視フォルダをリネーム/削除。 2) Sender起動。 3) 状態確認。 | J17: フォルダ不存在を検出し、無限例外や異常終了を起こさない。 | K17: 監視フォルダ、Sender状態、SQLite、Serilog | L17: 異常条件を解除後、通常処理へ復帰することを確認する。 | M17: P1 | N17: 条件付き | O17: フォルダ操作権限 | P17: 自動再作成の有無。
A18: 17 | B18: B-017 | C18: B | D18: 図B：ULAgent Sender／指定フォルダ監視・対象3ファイル取得 | E18: 異常入力 | F18: 監視フォルダアクセス拒否 | G18: フォルダ権限変更時の挙動確認のため。 | H18: Sender監視が稼働している。 | I18: 1) フォルダの読取権限を拒否。 2) 監視周期を跨ぐ。 3) 復旧。 | J18: アクセス拒否を明確に扱い、復旧後に監視を再開できる。 | K18: 監視フォルダ、Sender状態、SQLite、Serilog | L18: 異常条件を解除後、通常処理へ復帰することを確認する。 | M18: P1 | N18: 条件付き | O18: OS権限変更 | P18: 監視再開仕様。
A19: 18 | B19: B-018 | C19: B | D19: 図B：ULAgent Sender／指定フォルダ監視・対象3ファイル取得 | E19: 異常入力 | F19: 大量ファイル一括投入 | G19: 短時間に多数生成された際の取りこぼし・キュー滞留を確認するため。 | H19: Sender監視が稼働している。 | I19: 1) 多数セットを一括配置。 2) 全件処理数を照合。 3) 処理時間・負荷確認。 | J19: 欠落・重複なく処理し、処理不能時は明確な状態が残る。 | K19: 監視フォルダ、Sender状態、SQLite、Serilog | L19: 異常条件を解除後、通常処理へ復帰することを確認する。 | M19: P1 | N19: 条件付き | O19: 大量データ生成 | P19: 同時/最大キュー数。
A20: 19 | B20: B-019 | C20: B | D20: 図B：ULAgent Sender／指定フォルダ監視・対象3ファイル取得 | E20: 異常入力 | F20: 取得直前にファイル削除 | G20: 検出後と読込開始の競合を確認するため。 | H20: Sender監視が稼働している。 | I20: 1) 検出タイミングに合わせファイルを削除。 2) 例外・再試行を確認。 | J20: FileNotFound等で異常終了せず、状態が識別可能である。 | K20: 監視フォルダ、Sender状態、SQLite、Serilog | L20: 異常条件を解除後、通常処理へ復帰することを確認する。 | M20: P1 | N20: 条件付き | O20: タイミング制御スクリプト | P20: 再試行仕様。
A21: 20 | B21: B-020 | C21: B | D21: 図B：ULAgent Sender／指定フォルダ監視・対象3ファイル取得 | E21: 異常入力 | F21: 取得中にファイル置換 | G21: TOCTOU競合で別内容を送信しないことを確認するため。 | H21: Sender監視が稼働している。 | I21: 1) 読込中に同名ファイルを置換。 2) 送信内容・履歴を確認。 | J21: 破損・内容混在を起こさず、一貫したファイル単位で扱う。 | K21: 監視フォルダ、Sender状態、SQLite、Serilog | L21: 異常条件を解除後、通常処理へ復帰することを確認する。 | M21: P1 | N21: 条件付き | O21: 大容量ファイル/置換スクリプト | P21: ファイル占有・コピー方式。
A22: 21 | B22: B-021 | C22: B | D22: 図B：ULAgent Sender／指定フォルダ監視・対象3ファイル取得 | E22: 異常入力 | F22: 長いファイル名/パス | G22: OSパス長境界で例外になる可能性があるため。 | H22: Sender監視が稼働している。 | I22: 1) 許容範囲付近までパス/名称を長くする。 2) 取得を確認。 | J22: サポート範囲内は正常処理し、範囲外は明確に失敗する。 | K22: 監視フォルダ、Sender状態、SQLite、Serilog | L22: 異常条件を解除後、通常処理へ復帰することを確認する。 | M22: P3 | N22: 条件付き | O22: 長いパス生成 | P22: 最大パス長。
A23: 22 | B23: C-001 | C23: C | D23: 図C：TLS gRPC通信／Sender→Receiverファイル転送 | E23: 接続異常 | F23: Receiver停止状態で送信開始 | G23: 送信先停止時の失敗検知・再送を確認するため。 | H23: Sender/Receiverは通常時に通信可能。 | I23: 1) Receiverサービスを停止して対象ファイルを配置する。 2) Sender/Receiverの状態・履歴・ログを確認。 3) 必要に応じ復旧して再送確認。 | J23: 接続失敗が検知され、送信済み誤判定をせず、再試行/失敗状態が追跡可能。 | K23: Sender/Receiverログ、Sender SQLite、Receiver受信状態 | L23: 異常条件を解除後、通常処理へ復帰することを確認する。 | M23: P1 | N23: 実施可 | O23: Receiverサービス操作 | P23: 再試行回数・間隔
A24: 23 | B24: C-002 | C24: C | D24: 図C：TLS gRPC通信／Sender→Receiverファイル転送 | E24: ネットワーク | F24: 送信開始前にネットワーク切断 | G24: 通信経路断時にデータを失わないことを確認するため。 | H24: Sender/Receiverは通常時に通信可能。 | I24: 1) ネットワークを切断後に対象ファイルを配置する。 2) Sender/Receiverの状態・履歴・ログを確認。 3) 必要に応じ復旧して再送確認。 | J24: 送信成功扱いにせず、復旧後に仕様どおり再送可能。 | K24: Sender/Receiverログ、Sender SQLite、Receiver受信状態 | L24: 異常条件を解除後、通常処理へ復帰することを確認する。 | M24: P1 | N24: 条件付き | O24: NIC無効化/Firewall | P24: 再送条件
A25: 24 | B25: C-003 | C25: C | D25: 図C：TLS gRPC通信／Sender→Receiverファイル転送 | E25: ネットワーク | F25: 送信途中でネットワーク切断 | G25: 部分送信時の整合性を確認するため。 | H25: Sender/Receiverは通常時に通信可能。 | I25: 1) 大容量ファイル送信中にNIC無効化または通信遮断する。 2) Sender/Receiverの状態・履歴・ログを確認。 3) 必要に応じ復旧して再送確認。 | J25: Receiver側に不完全ファイルを正常登録せず、Sender側も成功扱いにしない。 | K25: Sender/Receiverログ、Sender SQLite、Receiver受信状態 | L25: 異常条件を解除後、通常処理へ復帰することを確認する。 | M25: P1 | N25: 条件付き | O25: 大容量ファイル/NIC制御 | P25: 中断ファイルの後処理
A26: 25 | B26: C-004 | C26: C | D26: 図C：TLS gRPC通信／Sender→Receiverファイル転送 | E26: 応答欠落 | F26: Receiver受信後・ACK相当前に通信断 | G26: 受信済みだがSenderが成功を認識できない場合の重複を確認するため。 | H26: Sender/Receiverは通常時に通信可能。 | I26: 1) 受信完了直後を狙って通信を遮断し、復旧後の再送を確認する。 2) Sender/Receiverの状態・履歴・ログを確認。 3) 必要に応じ復旧して再送確認。 | J26: 再送されても重複登録/重複表示が仕様どおり防止または識別される。 | K26: Sender/Receiverログ、Sender SQLite、Receiver受信状態 | L26: 異常条件を解除後、通常処理へ復帰することを確認する。 | M26: P1 | N26: 条件付き | O26: ネットワーク制御/ログ時刻照合 | P26: ACK/重複排除方式
... A39: 38 | B39: C-017 | C39: C | D39: 図C：TLS gRPC通信／Sender→Receiverファイル転送 | E39: 再起動 | F39: Receiver受信中にプロセス再起動 | G39: 受信途中ファイルの扱いを確認するため。 | H39: Sender/Receiverは通常時に通信可能。 | I39: 1) 送信中にReceiverを停止/再起動する。 2) Sender/Receiverの状態・履歴・ログを確認。 3) 必要に応じ復旧して再送確認。 | J39: 不完全受信を正常完了扱いせず、再送後に整合する。 | K39: Sender/Receiverログ、Sender SQLite、Receiver受信状態 | L39: 異常条件を解除後、通常処理へ復帰することを確認する。 | M39: P1 | N39: 条件付き | O39: サービス制御 | P39: 一時ファイル管理
A40: 39 | B40: C-018 | C40: C | D40: 図C：TLS gRPC通信／Sender→Receiverファイル転送 | E40: 並行 | F40: 3ファイル同時送信 | G40: 並行処理時の順序・競合を確認するため。 | H40: Sender/Receiverは通常時に通信可能。 | I40: 1) 3種類を同時に送信対象へ投入する。 2) Sender/Receiverの状態・履歴・ログを確認。 3) 必要に応じ復旧して再送確認。 | J40: 欠落・混在・状態競合なく各ファイルを識別して送信する。 | K40: Sender/Receiverログ、Sender SQLite、Receiver受信状態 | L40: 異常条件を解除後、通常処理へ復帰することを確認する。 | M40: P1 | N40: 実施可 | P40: 並列度
A41: 40 | B41: C-019 | C41: C | D41: 図C：TLS gRPC通信／Sender→Receiverファイル転送 | E41: 並行 | F41: 大量ファイル連続送信 | G41: キュー滞留・接続枯渇を確認するため。 | H41: Sender/Receiverは通常時に通信可能。 | I41: 1) 多数ファイルを短時間に投入し継続送信する。 2) Sender/Receiverの状態・履歴・ログを確認。 3) 必要に応じ復旧して再送確認。 | J41: キューが破綻せず、処理不能時も状態が明確。 | K41: Sender/Receiverログ、Sender SQLite、Receiver受信状態 | L41: 異常条件を解除後、通常処理へ復帰することを確認する。 | M41: P1 | N41: 条件付き | O41: 大量データ | P41: 最大キュー/並列数
A42: 41 | B42: C-020 | C42: C | D42: 図C：TLS gRPC通信／Sender→Receiverファイル転送 | E42: 整合性 | F42: 送信ファイル内容を途中で改変 | G42: 送信元内容の一貫性を確認するため。 | H42: Sender/Receiverは通常時に通信可能。 | I42: 1) 大容量ファイル送信中に元ファイルの改変を試行する。 2) Sender/Receiverの状態・履歴・ログを確認。 3) 必要に応じ復旧して再送確認。 | J42: 受信データが混在/破損しない。 | K42: Sender/Receiverログ、Sender SQLite、Receiver受信状態 | L42: 異常条件を解除後、通常処理へ復帰することを確認する。 | M42: P1 | N42: 条件付き | O42: ファイル改変スクリプト | P42: 送信時スナップショット方式
A43: 42 | B43: C-021 | C43: C | D43: 図C：TLS gRPC通信／Sender→Receiverファイル転送 | E43: 上限 | F43: gRPCメッセージ/ストリーム上限超過 | G43: サイズ制限時の明確な失敗を確認するため。 | H43: Sender/Receiverは通常時に通信可能。 | I43: 1) 設定上限を超えるファイルを送信する。 2) Sender/Receiverの状態・履歴・ログを確認。 3) 必要に応じ復旧して再送確認。 | J43: 上限超過が明確に失敗扱いとなり、再送ループしない。 | K43: Sender/Receiverログ、Sender SQLite、Receiver受信状態 | L43: 異常条件を解除後、通常処理へ復帰することを確認する。 | M43: P1 | N43: 条件付き | O43: 大容量ファイル | P43: gRPC最大サイズ
A44: 43 | B44: C-022 | C44: C | D44: 図C：TLS gRPC通信／Sender→Receiverファイル転送 | E44: 互換性 | F44: Sender/Receiver設定・バージョン不整合 | G44: 将来の更新差分で不正処理しないため。 | H44: Sender/Receiverは通常時に通信可能。 | I44: 1) 可能ならバージョン/設定差を意図的に作る。 2) Sender/Receiverの状態・履歴・ログを確認。 3) 必要に応じ復旧して再送確認。 | J44: 非互換時は安全に失敗し、誤解釈しない。 | K44: Sender/Receiverログ、Sender SQLite、Receiver受信状態 | L44: 異常条件を解除後、通常処理へ復帰することを確認する。 | M44: P3 | N44: 条件付き | O44: 異なるビルド/設定 | P44: 互換性ポリシー
A45: 44 | B45: D-001 | C45: D | D45: 図D：Sender側SQLite／送信状態・履歴管理 | E45: DBアクセス | F45: SQLiteファイルが存在しない | G45: DB再生成/異常検知の仕様を確認するため。 | H45: SenderのSQLiteをバックアップ済み。 | I45: 1) SQLiteを退避してSenderを起動/処理。 2) DB内容・Senderログ・送信実態を照合。 3) 復旧後の状態を確認。 | J45: DB不存在時の挙動が仕様どおりで、送信履歴を誤記録しない。 | K45: Sender SQLite、Sender Serilog、Receiver受信実態 | L45: 異常条件を解除後、通常処理へ復帰することを確認する。 | M45: P1 | N45: 条件付き | O45: DBバックアップ | P45: 自動生成有無
A46: 45 | B46: D-002 | C46: D | D46: 図D：Sender側SQLite／送信状態・履歴管理 | E46: DBアクセス | F46: SQLiteを読取専用にする | G46: 状態更新不能時の処理を確認するため。 | H46: SenderのSQLiteをバックアップ済み。 | I46: 1) DBファイルを読取専用化して送信。 2) DB内容・Senderログ・送信実態を照合。 3) 復旧後の状態を確認。 | J46: 更新失敗を検出し、送信状態とDB状態が不整合のまま隠れない。 | K46: Sender SQLite、Sender Serilog、Receiver受信実態 | L46: 異常条件を解除後、通常処理へ復帰することを確認する。 | M46: P1 | N46: 条件付き | O46: ファイル属性/ACL | P46: DB更新失敗時の送信継続可否
A47: 46 | B47: D-003 | C47: D | D47: 図D：Sender側SQLite／送信状態・履歴管理 | E47: DBロック | F47: SQLite排他ロック | G47: ロック競合時のタイムアウト/再試行確認。 | H47: SenderのSQLiteをバックアップ済み。 | I47: 1) 別プロセスでDBをロック中に送信。 2) DB内容・Senderログ・送信実態を照合。 3) 復旧後の状態を確認。 | J47: 無限待ちせず、再試行または明確に失敗する。 | K47: Sender SQLite、Sender Serilog、Receiver受信実態 | L47: 異常条件を解除後、通常処理へ復帰することを確認する。 | M47: P1 | N47: 条件付き | O47: SQLiteロック用ツール | P47: busy timeout
A48: 47 | B48: D-004 | C48: D | D48: 図D：Sender側SQLite／送信状態・履歴管理 | E48: DB破損 | F48: SQLiteファイル破損 | G48: 破損DBで履歴を失わず安全停止できるか確認。 | H48: SenderのSQLiteをバックアップ済み。 | I48: 1) コピーしたDBを意図的に破損して起動。 2) DB内容・Senderログ・送信実態を照合。 3) 復旧後の状態を確認。 | J48: 破損を検出し、不正な更新やクラッシュループを起こさない。 | K48: Sender SQLite、Sender Serilog、Receiver受信実態 | L48: 異常条件を解除後、通常処理へ復帰することを確認する。 | M48: P1 | N48: 条件付き | O48: DBバックアップ/破損コピー | P48: 破損時復旧方法
A49: 48 | B49: D-005 | C49: D | D49: 図D：Sender側SQLite／送信状態・履歴管理 | E49: 容量 | F49: ディスク空き容量不足 | G49: DB書込途中の失敗・OS影響を確認するため。 | H49: SenderのSQLiteをバックアップ済み。 | I49: 1) DB配置ディスクを安全なテスト方法で容量逼迫させる。 2) DB内容・Senderログ・送信実態を照合。 3) 復旧後の状態を確認。 | J49: 書込失敗が識別でき、DBが破損しない。 | K49: Sender SQLite、Sender Serilog、Receiver受信実態 | L49: 異常条件を解除後、通常処理へ復帰することを確認する。 | M49: P1 | N49: 条件付き | O49: 容量制限可能なテスト環境 | P49: 最低空き容量
A50: 49 | B50: D-006 | C50: D | D50: 図D：Sender側SQLite／送信状態・履歴管理 | E50: トランザクション | F50: 状態更新途中にSender強制終了 | G50: 原子性・再起動時整合性を確認するため。 | H50: SenderのSQLiteをバックアップ済み。 | I50: 1) DB更新タイミングでSenderを強制停止。 2) DB内容・Senderログ・送信実態を照合。 3) 復旧後の状態を確認。 | J50: 中途半端な状態を残さず、再起動時に未完了を識別できる。 | K50: Sender SQLite、Sender Serilog、Receiver受信実態 | L50: 異常条件を解除後、通常処理へ復帰することを確認する。 | M50: P1 | N50: 条件付き | O50: プロセス制御 | P50: トランザクション境界
A51: 50 | B51: D-007 | C51: D | D51: 図D：Sender側SQLite／送信状態・履歴管理 | E51: 重複 | F51: 同一ファイルの履歴重複登録 | G51: 再送時の履歴重複/一意性確認。 | H51: SenderのSQLiteをバックアップ済み。 | I51: 1) 同一ファイルを再送させDBレコードを確認。 2) DB内容・Senderログ・送信実態を照合。 3) 復旧後の状態を確認。 | J51: 履歴が仕様どおり追記/更新され、矛盾しない。 | K51: Sender SQLite、Sender Serilog、Receiver受信実態 | L51: 異常条件を解除後、通常処理へ復帰することを確認する。 | M51: P1 | N51: 実施可 | P51: 一意キー/履歴方式
A52: 51 | B52: D-008 | C52: D | D52: 図D：Sender側SQLite／送信状態・履歴管理 | E52: 状態遷移 | F52: 送信失敗→再送成功 | G52: 状態遷移の正確性確認。 | H52: SenderのSQLiteをバックアップ済み。 | I52: 1) 一度通信失敗させ、その後復旧し再送成功させる。 2) DB内容・Senderログ・送信実態を照合。 3) 復旧後の状態を確認。 | J52: 失敗→再送→成功の履歴/最終状態が追跡可能。 | K52: Sender SQLite、Sender Serilog、Receiver受信実態 | L52: 異常条件を解除後、通常処理へ復帰することを確認する。 | M52: P1 | N52: 実施可 | P52: 状態遷移定義
A53: 52 | B53: D-009 | C53: D | D53: 図D：Sender側SQLite／送信状態・履歴管理 | E53: 状態遷移 | F53: 送信成功後にDB更新だけ失敗 | G53: 実処理と管理DBの乖離を確認するため。 | H53: SenderのSQLiteをバックアップ済み。 | I53: 1) DBロック等を送信完了付近で発生させる。 2) DB内容・Senderログ・送信実態を照合。 3) 復旧後の状態を確認。 | J53: 実受信とDB記録の不整合を検出・復旧可能である。 | K53: Sender SQLite、Sender Serilog、Receiver受信実態 | L53: 異常条件を解除後、通常処理へ復帰することを確認する。 | M53: P1 | N53: 条件付き | O53: タイミング制御/DBロック | P53: 送信とDB更新の順序
A54: 53 | B54: D-010 | C54: D | D54: 図D：Sender側SQLite／送信状態・履歴管理 | E54: 時刻 | F54: OS時刻を前後に変更 | G54: 履歴時刻の逆転・再送判定への影響確認。 | H54: SenderのSQLiteをバックアップ済み。 | I54: 1) テスト環境で時刻を前後させ処理する。 2) DB内容・Senderログ・送信実態を照合。 3) 復旧後の状態を確認。 | J54: 履歴が破綻せず、時刻変更が識別可能または仕様どおり扱われる。 | K54: Sender SQLite、Sender Serilog、Receiver受信実態 | L54: 異常条件を解除後、通常処理へ復帰することを確認する。 | M54: P2 | N54: 条件付き | O54: 時刻変更可能な隔離環境 | P54: 時刻源/UTC・ローカル
A55: 54 | B55: D-011 | C55: D | D55: 図D：Sender側SQLite／送信状態・履歴管理 | E55: スキーマ | F55: DBスキーマ不整合 | G55: 更新漏れ/古いDB利用時の安全性確認。 | H55: SenderのSQLiteをバックアップ済み。 | I55: 1) バックアップした旧/変更スキーマDBで起動。 2) DB内容・Senderログ・送信実態を照合。 3) 復旧後の状態を確認。 | J55: 非互換を検知し、誤った列へ書込まない。 | K55: Sender SQLite、Sender Serilog、Receiver受信実態 | L55: 異常条件を解除後、通常処理へ復帰することを確認する。 | M55: P2 | N55: 条件付き | O55: テストDB | P55: マイグレーション仕様
A56: 55 | B56: D-012 | C56: D | D56: 図D：Sender側SQLite／送信状態・履歴管理 | E56: データ長 | F56: エラー詳細が極端に長い | G56: 例外メッセージ等によるDB格納失敗確認。 | H56: SenderのSQLiteをバックアップ済み。 | I56: 1) 長いエラー内容が発生する条件で処理。 2) DB内容・Senderログ・送信実態を照合。 3) 復旧後の状態を確認。 | J56: 切捨て/格納が仕様どおりでDB更新全体を壊さない。 | K56: Sender SQLite、Sender Serilog、Receiver受信実態 | L56: 異常条件を解除後、通常処理へ復帰することを確認する。 | M56: P3 | N56: 条件付き | O56: 異常応答生成 | P56: 列長制限
A57: 56 | B57: D-013 | C57: D | D57: 図D：Sender側SQLite／送信状態・履歴管理 | E57: 並行 | F57: 複数送信状態の同時更新 | G57: DB競合・取り違え確認。 | H57: SenderのSQLiteをバックアップ済み。 | I57: 1) 複数ファイルを同時送信しDB更新を重ねる。 2) DB内容・Senderログ・送信実態を照合。 3) 復旧後の状態を確認。 | J57: 各ファイルの状態が混在せず正しく記録される。 | K57: Sender SQLite、Sender Serilog、Receiver受信実態 | L57: 異常条件を解除後、通常処理へ復帰することを確認する。 | M57: P1 | N57: 実施可 | P57: 並列更新方式
A58: 57 | B58: D-014 | C58: D | D58: 図D：Sender側SQLite／送信状態・履歴管理 | E58: 保持 | F58: 履歴件数が大量に蓄積 | G58: DB肥大化時の性能/上限確認。 | H58: SenderのSQLiteをバックアップ済み。 | I58: 1) 大量履歴を作成し新規送信を行う。 2) DB内容・Senderログ・送信実態を照合。 3) 復旧後の状態を確認。 | J58: 極端な遅延や書込失敗なく、上限時は仕様どおり。 | K58: Sender SQLite、Sender Serilog、Receiver受信実態 | L58: 異常条件を解除後、通常処理へ復帰することを確認する。 | M58: P2 | N58: 条件付き | O58: 大量データ | P58: 履歴保持/削除ポリシー
A59: 58 | B59: D-015 | C59: D | D59: 図D：Sender側SQLite／送信状態・履歴管理 | E59: 復旧 | F59: DB障害解除後の処理再開 | G59: 一時DB障害後の回復性確認。 | H59: SenderのSQLiteをバックアップ済み。 | I59: 1) DBロック/権限異常を解除して未完了処理を再開。 2) DB内容・Senderログ・送信実態を照合。 3) 復旧後の状態を確認。 | J59: DB状態と送信実態が最終的に整合する。 | K59: Sender SQLite、Sender Serilog、Receiver受信実態 | L59: 異常条件を解除後、通常処理へ復帰することを確認する。 | M59: P1 | N59: 条件付き | O59: DB/ACL操作 | P59: 自動復旧条件
A60: 59 | B60: E-001 | C60: E | D60: 図E：Sender側Serilog／B・C処理ログ出力 | E60: 出力先 | F60: ログフォルダ不存在 | G60: ログ出力先障害でSender本体が落ちないか確認。 | H60: Sender処理ログの通常出力を確認済み。 | I60: 1) ログフォルダを退避/削除して処理。 2) Sender処理を実行。 3) ログ内容と本処理結果を照合。 | J60: ログ出力失敗時の挙動が仕様どおりで、処理状態が不明にならない。 | K60: Sender Serilog、Senderプロセス状態、SQLite | L60: 異常条件を解除後、通常処理へ復帰することを確認する。 | M60: P1 | N60: 条件付き | O60: フォルダ操作 | P60: 自動作成/失敗時挙動
A61: 60 | B61: E-002 | C61: E | D61: 図E：Sender側Serilog／B・C処理ログ出力 | E61: 権限 | F61: ログ書込権限なし | G61: 権限変更時の例外処理確認。 | H61: Sender処理ログの通常出力を確認済み。 | I61: 1) ログフォルダを書込不可にして送信。 2) Sender処理を実行。 3) ログ内容と本処理結果を照合。 | J61: ログ失敗を安全に扱い、Senderがクラッシュループしない。 | K61: Sender Serilog、Senderプロセス状態、SQLite | L61: 異常条件を解除後、通常処理へ復帰することを確認する。 | M61: P1 | N61: 条件付き | O61: ACL変更 | P61: ログ失敗時の代替通知
A62: 61 | B62: E-003 | C62: E | D62: 図E：Sender側Serilog／B・C処理ログ出力 | E62: 容量 | F62: ログディスク容量不足 | G62: ログ書込失敗が本処理へ与える影響確認。 | H62: Sender処理ログの通常出力を確認済み。 | I62: 1) 安全なテスト領域で容量不足を発生。 2) Sender処理を実行。 3) ログ内容と本処理結果を照合。 | J62: 送信処理とログ失敗の状態が識別可能で、データ破損しない。 | K62: Sender Serilog、Senderプロセス状態、SQLite | L62: 異常条件を解除後、通常処理へ復帰することを確認する。 | M62: P1 | N62: 条件付き | O62: 容量制限環境 | P62: 最低空き容量
A63: 62 | B63: E-004 | C63: E | D63: 図E：Sender側Serilog／B・C処理ログ出力 | E63: ロック | F63: ログファイル排他ロック | G63: ローテーション/書込競合時の耐性確認。 | H63: Sender処理ログの通常出力を確認済み。 | I63: 1) 現在ログをロックして処理を発生。 2) Sender処理を実行。 3) ログ内容と本処理結果を照合。 | J63: 無限待ちせず、仕様どおり代替/失敗処理する。 | K63: Sender Serilog、Senderプロセス状態、SQLite | L63: 異常条件を解除後、通常処理へ復帰することを確認する。 | M63: P2 | N63: 条件付き | O63: ファイルロック | P63: Serilog sink設定
A64: 63 | B64: E-005 | C64: E | D64: 図E：Sender側Serilog／B・C処理ログ出力 | E64: ローテーション | F64: ロールオーバー境界で大量ログ | G64: 切替時の欠落・重複確認。 | H64: Sender処理ログの通常出力を確認済み。 | I64: 1) サイズ/日付境界付近で大量イベントを発生。 2) Sender処理を実行。 3) ログ内容と本処理結果を照合。 | J64: ログ切替時に重要な処理記録が欠落しない。 | K64: Sender Serilog、Senderプロセス状態、SQLite | L64: 異常条件を解除後、通常処理へ復帰することを確認する。 | M64: P2 | N64: 条件付き | O64: 大量イベント | P64: ローテーション条件/保持数
A65: 64 | B65: E-006 | C65: E | D65: 図E：Sender側Serilog／B・C処理ログ出力 | E65: 再起動 | F65: ログ出力中にSender再起動 | G65: 末尾破損・再開確認。 | H65: Sender処理ログの通常出力を確認済み。 | I65: 1) 連続ログ出力中にSenderを再起動。 2) Sender処理を実行。 3) ログ内容と本処理結果を照合。 | J65: 既存ログを壊さず、再起動後のログが追跡可能。 | K65: Sender Serilog、Senderプロセス状態、SQLite | L65: 異常条件を解除後、通常処理へ復帰することを確認する。 | M65: P2 | N65: 条件付き | O65: サービス制御 | P65: 起動ログ仕様
A66: 65 | B66: E-007 | C66: E | D66: 図E：Sender側Serilog／B・C処理ログ出力 | E66: 文字 | F66: 日本語・記号を含むファイル名/エラー | G66: 文字化けにより解析不能になるのを防ぐため。 | H66: Sender処理ログの通常出力を確認済み。 | I66: 1) 日本語/記号を含む対象名またはエラー情報を生成。 2) Sender処理を実行。 3) ログ内容と本処理結果を照合。 | J66: ログが判読可能な文字コードで出力される。 | K66: Sender Serilog、Senderプロセス状態、SQLite | L66: 異常条件を解除後、通常処理へ復帰することを確認する。 | M66: P3 | N66: 実施可 | P66: 文字コード
A67: 66 | B67: E-008 | C67: E | D67: 図E：Sender側Serilog／B・C処理ログ出力 | E67: 時刻 | F67: OS時刻変更中のログ | G67: 時系列解析が破綻しないか確認。 | H67: Sender処理ログの通常出力を確認済み。 | I67: 1) 隔離環境で時刻変更前後に処理。 2) Sender処理を実行。 3) ログ内容と本処理結果を照合。 | J67: 時刻変更後もログ相関が可能、またはUTC等の仕様どおり。 | K67: Sender Serilog、Senderプロセス状態、SQLite | L67: 異常条件を解除後、通常処理へ復帰することを確認する。 | M67: P2 | N67: 条件付き | O67: 時刻変更 | P67: タイムスタンプ仕様
A68: 67 | B68: E-009 | C68: E | D68: 図E：Sender側Serilog／B・C処理ログ出力 | E68: 大量 | F68: 短時間に大量エラー | G68: ログI/O過多による本処理阻害確認。 | H68: Sender処理ログの通常出力を確認済み。 | I68: 1) 多数の送信失敗を短時間に発生。 2) Sender処理を実行。 3) ログ内容と本処理結果を照合。 | J68: ログ出力でプロセスが停止せず、重要ログが欠落しない。 | K68: Sender Serilog、Senderプロセス状態、SQLite | L68: 異常条件を解除後、通常処理へ復帰することを確認する。 | M68: P2 | N68: 条件付き | O68: 大量エラー生成 | P68: 非同期ログ/キュー上限
A69: 68 | B69: E-010 | C69: E | D69: 図E：Sender側Serilog／B・C処理ログ出力 | E69: 内容 | F69: B/Cの開始・失敗・再送・成功の相関 | G69: 異常系で原因追跡できる粒度があるか確認。 | H69: Sender処理ログの通常出力を確認済み。 | I69: 1) 1件を失敗→再送成功させログを追跡。 2) Sender処理を実行。 3) ログ内容と本処理結果を照合。 | J69: 同一ファイルの一連の処理が時系列で特定できる。 | K69: Sender Serilog、Senderプロセス状態、SQLite | L69: 異常条件を解除後、通常処理へ復帰することを確認する。 | M69: P1 | N69: 実施可 | P69: 相関ID/必須ログ項目
A70: 69 | B70: F-001 | C70: F | D70: 図F：CTC側リソース測定／C～E処理中のOS状態取得 | E70: 取得失敗 | F70: CPUカウンタ取得不可 | G70: 測定API失敗時に本処理へ影響しないか確認。 | H70: Fの通常時リソース取得を確認済み。 | I70: 1) 権限/サービス等で可能ならCPUカウンタ取得不能状態を作る。 2) C～E処理を実行。 3) OS測定記録と処理時刻を照合。 | J70: 測定失敗が識別でき、送信処理が不正終了しない。 | K70: CTC側リソース記録、Senderログ、SQLite | L70: 異常条件を解除後、通常処理へ復帰することを確認する。 | M70: P2 | N70: 条件付き | O70: 権限/監視機能制御 | P70: 取得API・失敗時動作
A71: 70 | B71: F-002 | C71: F | D71: 図F：CTC側リソース測定／C～E処理中のOS状態取得 | E71: 高負荷 | F71: CPU高負荷中に送信 | G71: 性能劣化時の送信/記録継続性確認。 | H71: Fの通常時リソース取得を確認済み。 | I71: 1) CPU負荷を高めた状態で複数送信。 2) C～E処理を実行。 3) OS測定記録と処理時刻を照合。 | J71: 送信結果とCPU値が取得され、ハングしない。 | K71: CTC側リソース記録、Senderログ、SQLite | L71: 異常条件を解除後、通常処理へ復帰することを確認する。 | M71: P1 | N71: 条件付き | O71: CPU負荷ツール | P71: 許容CPU負荷
A72: 71 | B72: F-003 | C72: F | D72: 図F：CTC側リソース測定／C～E処理中のOS状態取得 | E72: 高負荷 | F72: メモリ逼迫中に送信 | G72: OOM近傍での安定性確認。 | H72: Fの通常時リソース取得を確認済み。 | I72: 1) 安全範囲でメモリ負荷を上げ送信。 2) C～E処理を実行。 3) OS測定記録と処理時刻を照合。 | J72: 異常終了せず、メモリ値・処理失敗が追跡可能。 | K72: CTC側リソース記録、Senderログ、SQLite | L72: 異常条件を解除後、通常処理へ復帰することを確認する。 | M72: P1 | N72: 条件付き | O72: メモリ負荷ツール | P72: 最低空きメモリ
A73: 72 | B73: F-004 | C73: F | D73: 図F：CTC側リソース測定／C～E処理中のOS状態取得 | E73: 高負荷 | F73: ディスクI/O高負荷中に送信 | G73: ファイル読込・DB・ログ競合を確認。 | H73: Fの通常時リソース取得を確認済み。 | I73: 1) 別処理でディスクI/O負荷を付与し送信。 2) C～E処理を実行。 3) OS測定記録と処理時刻を照合。 | J73: データ破損なく、遅延とI/O値を記録できる。 | K73: CTC側リソース記録、Senderログ、SQLite | L73: 異常条件を解除後、通常処理へ復帰することを確認する。 | M73: P1 | N73: 条件付き | O73: I/O負荷ツール | P73: 許容遅延
A74: 73 | B74: F-005 | C74: F | D74: 図F：CTC側リソース測定／C～E処理中のOS状態取得 | E74: 高負荷 | F74: ネットワーク高負荷中に送信 | G74: 転送性能低下と測定値整合確認。 | H74: Fの通常時リソース取得を確認済み。 | I74: 1) 同一NICへ負荷を付与して送信。 2) C～E処理を実行。 3) OS測定記録と処理時刻を照合。 | J74: 送信結果が追跡可能で、ネットワーク値が異常値にならない。 | K74: CTC側リソース記録、Senderログ、SQLite | L74: 異常条件を解除後、通常処理へ復帰することを確認する。 | M74: P2 | N74: 条件付き | O74: ネットワーク負荷 | P74: 対象NIC定義
A75: 74 | B75: F-006 | C75: F | D75: 図F：CTC側リソース測定／C～E処理中のOS状態取得 | E75: 境界 | F75: NIC切断中のネットワーク値 | G75: 切断時の0/NULL/例外扱い確認。 | H75: Fの通常時リソース取得を確認済み。 | I75: 1) 送信中にNICを無効化。 2) C～E処理を実行。 3) OS測定記録と処理時刻を照合。 | J75: 測定失敗で全体が停止せず、値の扱いが明確。 | K75: CTC側リソース記録、Senderログ、SQLite | L75: 異常条件を解除後、通常処理へ復帰することを確認する。 | M75: P2 | N75: 条件付き | O75: NIC操作 | P75: 切断時値の仕様
A76: 75 | B76: F-007 | C76: F | D76: 図F：CTC側リソース測定／C～E処理中のOS状態取得 | E76: 時刻 | F76: OS時刻変更 | G76: サンプリング時系列の整合性確認。 | H76: Fの通常時リソース取得を確認済み。 | I76: 1) 測定中に時刻を変更。 2) C～E処理を実行。 3) OS測定記録と処理時刻を照合。 | J76: 記録時刻が追跡可能で、順序崩壊時も識別可能。 | K76: CTC側リソース記録、Senderログ、SQLite | L76: 異常条件を解除後、通常処理へ復帰することを確認する。 | M76: P2 | N76: 条件付き | O76: 時刻変更 | P76: 時刻源/間隔
A77: 76 | B77: F-008 | C77: F | D77: 図F：CTC側リソース測定／C～E処理中のOS状態取得 | E77: 継続 | F77: 長時間連続測定 | G77: リーク・ログ/DB肥大化確認。 | H77: Fの通常時リソース取得を確認済み。 | I77: 1) 長時間連続送信・測定する。 2) C～E処理を実行。 3) OS測定記録と処理時刻を照合。 | J77: 測定プロセスが安定し、欠測が仕様範囲内。 | K77: CTC側リソース記録、Senderログ、SQLite | L77: 異常条件を解除後、通常処理へ復帰することを確認する。 | M77: P2 | N77: 条件付き | O77: 長時間実行環境 | P77: 測定周期・保持
A78: 77 | B78: F-009 | C78: F | D78: 図F：CTC側リソース測定／C～E処理中のOS状態取得 | E78: 権限 | F78: リソース取得権限不足 | G78: サービス実行ユーザー変更等を想定。 | H78: Fの通常時リソース取得を確認済み。 | I78: 1) 測定に必要な権限を制限。 2) C～E処理を実行。 3) OS測定記録と処理時刻を照合。 | J78: 取得不能を識別し、本処理へ過度な影響を与えない。 | K78: CTC側リソース記録、Senderログ、SQLite | L78: 異常条件を解除後、通常処理へ復帰することを確認する。 | M78: P2 | N78: 条件付き | O78: ACL/ユーザー変更 | P78: 必要権限
A79: 78 | B79: F-010 | C79: F | D79: 図F：CTC側リソース測定／C～E処理中のOS状態取得 | E79: 値 | F79: カウンタ値の異常/NULL | G79: 取得API異常値の保存処理確認。 | H79: Fの通常時リソース取得を確認済み。 | I79: 1) モック/制御可能ならNULL/異常値を発生。 2) C～E処理を実行。 3) OS測定記録と処理時刻を照合。 | J79: 異常値を正常値として誤解釈せず、安全に記録/除外する。 | K79: CTC側リソース記録、Senderログ、SQLite | L79: 異常条件を解除後、通常処理へ復帰することを確認する。 | M79: P3 | N79: 要仕様確認 | O79: モック/テストフック | P79: 異常値表現
A80: 79 | B80: F-011 | C80: F | D80: 図F：CTC側リソース測定／C～E処理中のOS状態取得 | E80: 復旧 | F80: 高負荷解除後の測定復帰 | G80: 一時高負荷後に計測が継続するか確認。 | H80: Fの通常時リソース取得を確認済み。 | I80: 1) 負荷を一定時間付与後に解除。 2) C～E処理を実行。 3) OS測定記録と処理時刻を照合。 | J80: 計測が自動復帰し、送信も継続できる。 | K80: CTC側リソース記録、Senderログ、SQLite | L80: 異常条件を解除後、通常処理へ復帰することを確認する。 | M80: P2 | N80: 条件付き | O80: 負荷ツール | P80: 復旧条件
A81: 80 | B81: F-012 | C81: F | D81: 図F：CTC側リソース測定／C～E処理中のOS状態取得 | E81: 相関 | F81: C/D/E異常時のOS状態記録 | G81: 異常時原因分析に必要なリソース情報が残るか確認。 | H81: Fの通常時リソース取得を確認済み。 | I81: 1) 通信失敗・DBロック・ログ障害を別々に発生。 2) C～E処理を実行。 3) OS測定記録と処理時刻を照合。 | J81: 異常発生期間のCPU/メモリ/I/O/ネットワーク記録が参照できる。 | K81: CTC側リソース記録、Senderログ、SQLite | L81: 異常条件を解除後、通常処理へ復帰することを確認する。 | M81: P1 | N81: 条件付き | O81: 各障害注入手段 | P81: リソース記録保存先
A82: 81 | B82: G-001 | C82: G | D82: 図G：ULAgent Receiver／ファイル受信 | E82: 受信異常 | F82: 0 byteファイル受信 | G82: 不正データの後段登録を防ぐため。 | H82: Sender→Receiverの通常受信を確認済み。 | I82: 1) 0 byteをSenderから送信させる。 2) Receiver受信状態・保存ファイル・後段状態を確認。 3) 復旧後の再受信を確認。 | J82: Receiverが正常データとしてDB登録へ流さず、状態を追跡可能。 | K82: Receiver受信ファイル、Receiver SQLite、Serilog、Sender履歴 | L82: 異常条件を解除後、通常処理へ復帰することを確認する。 | M82: P1 | N82: 実施可 | P82: 0 byte許容有無
A83: 82 | B83: G-002 | C83: G | D83: 図G：ULAgent Receiver／ファイル受信 | E83: 受信異常 | F83: 不完全ファイル受信 | G83: 破損データ登録防止。 | H83: Sender→Receiverの通常受信を確認済み。 | I83: 1) 途中切断等で部分受信を発生。 2) Receiver受信状態・保存ファイル・後段状態を確認。 3) 復旧後の再受信を確認。 | J83: 不完全受信を正常完了扱いしない。 | K83: Receiver受信ファイル、Receiver SQLite、Serilog、Sender履歴 | L83: 異常条件を解除後、通常処理へ復帰することを確認する。 | M83: P1 | N83: 条件付き | O83: ネットワーク遮断 | P83: 完全性判定方式
A84: 83 | B84: G-003 | C84: G | D84: 図G：ULAgent Receiver／ファイル受信 | E84: 重複 | F84: 同一ファイル再受信 | G84: 再送時の二重登録防止。 | H84: Sender→Receiverの通常受信を確認済み。 | I84: 1) ACK欠落等で同一ファイルを再送。 2) Receiver受信状態・保存ファイル・後段状態を確認。 3) 復旧後の再受信を確認。 | J84: 重複受信の扱いが仕様どおりでDB重複を防止/識別。 | K84: Receiver受信ファイル、Receiver SQLite、Serilog、Sender履歴 | L84: 異常条件を解除後、通常処理へ復帰することを確認する。 | M84: P1 | N84: 条件付き | O84: 通信遮断 | P84: 重複キー
A85: 84 | B85: G-004 | C85: G | D85: 図G：ULAgent Receiver／ファイル受信 | E85: 容量 | F85: 受信先ディスク容量不足 | G85: ファイル保存失敗時の安全性確認。 | H85: Sender→Receiverの通常受信を確認済み。 | I85: 1) 受信先ディスクを安全に容量逼迫。 2) Receiver受信状態・保存ファイル・後段状態を確認。 3) 復旧後の再受信を確認。 | J85: 部分ファイルを正常扱いせず、送信側にも成功を返さない。 | K85: Receiver受信ファイル、Receiver SQLite、Serilog、Sender履歴 | L85: 異常条件を解除後、通常処理へ復帰することを確認する。 | M85: P1 | N85: 条件付き | O85: 容量制限環境 | P85: 最低空き容量
A86: 85 | B86: G-005 | C86: G | D86: 図G：ULAgent Receiver／ファイル受信 | E86: 権限 | F86: 受信先フォルダ書込不可 | G86: アクセス権障害時の受信処理確認。 | H86: Sender→Receiverの通常受信を確認済み。 | I86: 1) 受信先を書込不可にして送信。 2) Receiver受信状態・保存ファイル・後段状態を確認。 3) 復旧後の再受信を確認。 | J86: 受信失敗が明確でReceiverが不正終了しない。 | K86: Receiver受信ファイル、Receiver SQLite、Serilog、Sender履歴 | L86: 異常条件を解除後、通常処理へ復帰することを確認する。 | M86: P1 | N86: 条件付き | O86: ACL変更 | P86: 受信先パス/権限
A87: 86 | B87: G-006 | C87: G | D87: 図G：ULAgent Receiver／ファイル受信 | E87: 受信先 | F87: 受信フォルダ不存在 | G87: 設定/マウント異常を想定。 | H87: Sender→Receiverの通常受信を確認済み。 | I87: 1) Receiver停止中に受信先を退避して起動。 2) Receiver受信状態・保存ファイル・後段状態を確認。 3) 復旧後の再受信を確認。 | J87: 不存在を検出し、安全に失敗/再作成する。 | K87: Receiver受信ファイル、Receiver SQLite、Serilog、Sender履歴 | L87: 異常条件を解除後、通常処理へ復帰することを確認する。 | M87: P1 | N87: 条件付き | O87: フォルダ操作 | P87: 自動作成有無
A88: 87 | B88: G-007 | C88: G | D88: 図G：ULAgent Receiver／ファイル受信 | E88: 競合 | F88: 同名ファイルが受信先に既存 | G88: 上書き・重複・履歴整合確認。 | H88: Sender→Receiverの通常受信を確認済み。 | I88: 1) 受信先に同名ファイルを事前配置して送信。 2) Receiver受信状態・保存ファイル・後段状態を確認。 3) 復旧後の再受信を確認。 | J88: 無条件上書きでデータを失わず、仕様どおり処理。 | K88: Receiver受信ファイル、Receiver SQLite、Serilog、Sender履歴 | L88: 異常条件を解除後、通常処理へ復帰することを確認する。 | M88: P1 | N88: 実施可 | P88: 同名時規則
A89: 88 | B89: G-008 | C89: G | D89: 図G：ULAgent Receiver／ファイル受信 | E89: 再起動 | F89: 受信中にReceiver強制終了 | G89: 途中ファイルと再開性確認。 | H89: Sender→Receiverの通常受信を確認済み。 | I89: 1) 大容量受信中にReceiver停止/再起動。 2) Receiver受信状態・保存ファイル・後段状態を確認。 3) 復旧後の再受信を確認。 | J89: 不完全ファイルを正常扱いせず、再送で整合。 | K89: Receiver受信ファイル、Receiver SQLite、Serilog、Sender履歴 | L89: 異常条件を解除後、通常処理へ復帰することを確認する。 | M89: P1 | N89: 条件付き | O89: サービス制御 | P89: 一時ファイル方式
A90: 89 | B90: G-009 | C90: G | D90: 図G：ULAgent Receiver／ファイル受信 | E90: 並行 | F90: 3種ファイル同時受信 | G90: 並行処理競合の確認。 | H90: Sender→Receiverの通常受信を確認済み。 | I90: 1) 3種を同時転送。 2) Receiver受信状態・保存ファイル・後段状態を確認。 3) 復旧後の再受信を確認。 | J90: ファイル内容・状態・後段登録先が混在しない。 | K90: Receiver受信ファイル、Receiver SQLite、Serilog、Sender履歴 | L90: 異常条件を解除後、通常処理へ復帰することを確認する。 | M90: P1 | N90: 実施可 | P90: 並列度
A91: 90 | B91: G-010 | C91: G | D91: 図G：ULAgent Receiver／ファイル受信 | E91: 並行 | F91: 多数ファイル同時/連続受信 | G91: キュー/スレッド/FD枯渇確認。 | H91: Sender→Receiverの通常受信を確認済み。 | I91: 1) 大量ファイルを短時間に送信。 2) Receiver受信状態・保存ファイル・後段状態を確認。 3) 復旧後の再受信を確認。 | J91: 欠落・重複なく処理し、限界時は明確な失敗状態。 | K91: Receiver受信ファイル、Receiver SQLite、Serilog、Sender履歴 | L91: 異常条件を解除後、通常処理へ復帰することを確認する。 | M91: P1 | N91: 条件付き | O91: 大量データ | P91: 最大同時数
A92: 91 | B92: G-011 | C92: G | D92: 図G：ULAgent Receiver／ファイル受信 | E92: 入力 | F92: 想定外拡張子/種別 | G92: 後段ロガー誤選択防止。 | H92: Sender→Receiverの通常受信を確認済み。 | I92: 1) 可能ならReceiverへ想定外種別を送信。 2) Receiver受信状態・保存ファイル・後段状態を確認。 3) 復旧後の再受信を確認。 | J92: 不明種別を誤ったDBへ登録しない。 | K92: Receiver受信ファイル、Receiver SQLite、Serilog、Sender履歴 | L92: 異常条件を解除後、通常処理へ復帰することを確認する。 | M92: P2 | N92: 条件付き | O92: 送信ファイル加工 | P92: 許容種別
A93: 92 | B93: G-012 | C93: G | D93: 図G：ULAgent Receiver／ファイル受信 | E93: 入力 | F93: ファイル名に特殊文字 | G93: 保存・DB連携で文字化け/失敗しないか確認。 | H93: Sender→Receiverの通常受信を確認済み。 | I93: 1) 特殊文字名を送信可能な範囲で作成。 2) Receiver受信状態・保存ファイル・後段状態を確認。 3) 復旧後の再受信を確認。 | J93: サポート範囲で一貫して扱い、範囲外は明確に失敗。 | K93: Receiver受信ファイル、Receiver SQLite、Serilog、Sender履歴 | L93: 異常条件を解除後、通常処理へ復帰することを確認する。 | M93: P3 | N93: 条件付き | P93: 命名規則
A94: 93 | B94: G-013 | C94: G | D94: 図G：ULAgent Receiver／ファイル受信 | E94: セキュリティ | F94: パストラバーサル相当の名称 | G94: 受信先外への書込み防止。 | H94: Sender→Receiverの通常受信を確認済み。 | I94: 1) テストフック等で ../ 相当の名称を送る。 2) Receiver受信状態・保存ファイル・後段状態を確認。 3) 復旧後の再受信を確認。 | J94: 受信先外へ書込まず拒否する。 | K94: Receiver受信ファイル、Receiver SQLite、Serilog、Sender履歴 | L94: 異常条件を解除後、通常処理へ復帰することを確認する。 | M94: P1 | N94: 要仕様確認 | O94: テストクライアント/フック | P94: Receiverが名称を外部入力として扱うか
A95: 94 | B95: G-014 | C95: G | D95: 図G：ULAgent Receiver／ファイル受信 | E95: 後段障害 | F95: DB側停止中に受信 | G95: 受信と登録を分離して保持できるか確認。 | H95: Sender→Receiverの通常受信を確認済み。 | I95: 1) InfluxDB/PostgreSQL等を停止して送信。 2) Receiver受信状態・保存ファイル・後段状態を確認。 3) 復旧後の再受信を確認。 | J95: 受信データを失わず、DB登録失敗状態が追跡可能。 | K95: Receiver受信ファイル、Receiver SQLite、Serilog、Sender履歴 | L95: 異常条件を解除後、通常処理へ復帰することを確認する。 | M95: P1 | N95: 条件付き | O95: DBサービス操作 | P95: 再登録方式
A96: 95 | B96: G-015 | C96: G | D96: 図G：ULAgent Receiver／ファイル受信 | E96: 後段障害 | F96: DB登録遅延中に連続受信 | G96: バックプレッシャ/キュー増大確認。 | H96: Sender→Receiverの通常受信を確認済み。 | I96: 1) DB処理を遅延させ大量受信。 2) Receiver受信状態・保存ファイル・後段状態を確認。 3) 復旧後の再受信を確認。 | J96: メモリ枯渇やデータ欠落なく、滞留状態が把握可能。 | K96: Receiver受信ファイル、Receiver SQLite、Serilog、Sender履歴 | L96: 異常条件を解除後、通常処理へ復帰することを確認する。 | M96: P1 | N96: 条件付き | O96: DB負荷/遅延 | P96: キュー上限
A97: 96 | B97: G-016 | C97: G | D97: 図G：ULAgent Receiver／ファイル受信 | E97: 整合性 | F97: 受信ファイル破損 | G97: 転送/保存後の破損検知範囲確認。 | H97: Sender→Receiverの通常受信を確認済み。 | I97: 1) テスト環境で受信直後ファイルを破損させ後段処理。 2) Receiver受信状態・保存ファイル・後段状態を確認。 3) 復旧後の再受信を確認。 | J97: 破損データを正常登録しない、または異常が追跡可能。 | K97: Receiver受信ファイル、Receiver SQLite、Serilog、Sender履歴 | L97: 異常条件を解除後、通常処理へ復帰することを確認する。 | M97: P1 | N97: 条件付き | O97: ファイル加工 | P97: 整合性検証方式
A98: 97 | B98: G-017 | C98: G | D98: 図G：ULAgent Receiver／ファイル受信 | E98: 復旧 | F98: Receiver停止→復旧後の未送信再受信 | G98: 一時停止からの回復性確認。 | H98: Sender→Receiverの通常受信を確認済み。 | I98: 1) Receiver停止中にSender側へファイル投入後、Receiver復旧。 2) Receiver受信状態・保存ファイル・後段状態を確認。 3) 復旧後の再受信を確認。 | J98: 未送信分を重複なく受信できる。 | K98: Receiver受信ファイル、Receiver SQLite、Serilog、Sender履歴 | L98: 異常条件を解除後、通常処理へ復帰することを確認する。 | M98: P1 | N98: 実施可 | P98: Sender再送仕様
A99: 98 | B99: G-018 | C99: G | D99: 図G：ULAgent Receiver／ファイル受信 | E99: 時刻 | F99: Receiver OS時刻変更 | G99: 受信/DB登録時刻の整合確認。 | H99: Sender→Receiverの通常受信を確認済み。 | I99: 1) 隔離環境で受信前後に時刻変更。 2) Receiver受信状態・保存ファイル・後段状態を確認。 3) 復旧後の再受信を確認。 | J99: 状態履歴が追跡可能で、誤った順序判定をしない。 | K99: Receiver受信ファイル、Receiver SQLite、Serilog、Sender履歴 | L99: 異常条件を解除後、通常処理へ復帰することを確認する。 | M99: P2 | N99: 条件付き | O99: 時刻変更 | P99: 受信時刻の時刻源
A100: 99 | B100: H-001 | C100: H | D100: 図H：Receiver側SQLite／受信・DB登録状態管理 | E100: DBアクセス | F100: Receiver SQLite読取専用 | G100: 受信後の状態記録不能時の整合確認。 | H100: Receiver SQLiteをバックアップ済み。 | I100: 1) SQLiteを読取専用にして受信。 2) SQLite状態と実ファイル/実DB登録を照合。 3) 復旧後の最終状態を確認。 | J100: 受信実態と状態DBの乖離が隠れず、明確に失敗/保留となる。 | K100: Receiver SQLite、InfluxDB/PostgreSQL、Receiver Serilog | L100: 異常条件を解除後、通常処理へ復帰することを確認する。 | M100: P1 | N100: 条件付き | O100: ACL/属性変更 | P100: 受信継続可否
A101: 100 | B101: H-002 | C101: H | D101: 図H：Receiver側SQLite／受信・DB登録状態管理 | E101: DBロック | F101: Receiver SQLite排他ロック | G101: 並行処理競合の確認。 | H101: Receiver SQLiteをバックアップ済み。 | I101: 1) DBロック中にファイル受信。 2) SQLite状態と実ファイル/実DB登録を照合。 3) 復旧後の最終状態を確認。 | J101: 無限待ちせず、受信データを失わない。 | K101: Receiver SQLite、InfluxDB/PostgreSQL、Receiver Serilog | L101: 異常条件を解除後、通常処理へ復帰することを確認する。 | M101: P1 | N101: 条件付き | O101: SQLiteロックツール | P101: busy timeout
A102: 101 | B102: H-003 | C102: H | D102: 図H：Receiver側SQLite／受信・DB登録状態管理 | E102: DB破損 | F102: Receiver SQLite破損 | G102: 状態管理DB破損時の安全性確認。 | H102: Receiver SQLiteをバックアップ済み。 | I102: 1) 破損コピーでReceiver起動。 2) SQLite状態と実ファイル/実DB登録を照合。 3) 復旧後の最終状態を確認。 | J102: 破損を検知し、誤った登録状態を書込まない。 | K102: Receiver SQLite、InfluxDB/PostgreSQL、Receiver Serilog | L102: 異常条件を解除後、通常処理へ復帰することを確認する。 | M102: P1 | N102: 条件付き | O102: DBバックアップ | P102: 復旧手順
A103: 102 | B103: H-004 | C103: H | D103: 図H：Receiver側SQLite／受信・DB登録状態管理 | E103: トランザクション | F103: 受信状態更新中にReceiver停止 | G103: 原子性・再起動回復確認。 | H103: Receiver SQLiteをバックアップ済み。 | I103: 1) 状態更新タイミングで強制停止。 2) SQLite状態と実ファイル/実DB登録を照合。 3) 復旧後の最終状態を確認。 | J103: 再起動後に未完了/完了を誤判定しない。 | K103: Receiver SQLite、InfluxDB/PostgreSQL、Receiver Serilog | L103: 異常条件を解除後、通常処理へ復帰することを確認する。 | M103: P1 | N103: 条件付き | O103: サービス制御 | P103: 状態遷移定義
A104: 103 | B104: H-005 | C104: H | D104: 図H：Receiver側SQLite／受信・DB登録状態管理 | E104: 状態遷移 | F104: 受信成功→DB登録失敗 | G104: 受信と登録の段階管理確認。 | H104: Receiver SQLiteをバックアップ済み。 | I104: 1) PostgreSQL/InfluxDBを停止して受信。 2) SQLite状態と実ファイル/実DB登録を照合。 3) 復旧後の最終状態を確認。 | J104: 受信済・登録失敗を区別して記録できる。 | K104: Receiver SQLite、InfluxDB/PostgreSQL、Receiver Serilog | L104: 異常条件を解除後、通常処理へ復帰することを確認する。 | M104: P1 | N104: 条件付き | O104: DBサービス操作 | P104: 状態一覧
A105: 104 | B105: H-006 | C105: H | D105: 図H：Receiver側SQLite／受信・DB登録状態管理 | E105: 状態遷移 | F105: DB登録失敗→再登録成功 | G105: リトライ後の最終状態整合確認。 | H105: Receiver SQLiteをバックアップ済み。 | I105: 1) DB停止で失敗後にDB復旧。 2) SQLite状態と実ファイル/実DB登録を照合。 3) 復旧後の最終状態を確認。 | J105: 失敗履歴を残しつつ最終成功が判別できる。 | K105: Receiver SQLite、InfluxDB/PostgreSQL、Receiver Serilog | L105: 異常条件を解除後、通常処理へ復帰することを確認する。 | M105: P1 | N105: 実施可 | O105: DBサービス操作 | P105: 自動/手動再登録
A106: 105 | B106: H-007 | C106: H | D106: 図H：Receiver側SQLite／受信・DB登録状態管理 | E106: 不整合 | F106: DB登録成功後にSQLite更新失敗 | G106: 実DBと状態DBの不整合検出確認。 | H106: Receiver SQLiteをバックアップ済み。 | I106: 1) 登録完了付近でSQLiteをロック。 2) SQLite状態と実ファイル/実DB登録を照合。 3) 復旧後の最終状態を確認。 | J106: 実DB重複登録を起こさず、次回復旧で整合可能。 | K106: Receiver SQLite、InfluxDB/PostgreSQL、Receiver Serilog | L106: 異常条件を解除後、通常処理へ復帰することを確認する。 | M106: P1 | N106: 条件付き | O106: DBロック/タイミング制御 | P106: コミット順序
A107: 106 | B107: H-008 | C107: H | D107: 図H：Receiver側SQLite／受信・DB登録状態管理 | E107: 重複 | F107: 同一受信ファイルの再登録要求 | G107: 冪等性確認。 | H107: Receiver SQLiteをバックアップ済み。 | I107: 1) 同一ファイルを再受信/再処理。 2) SQLite状態と実ファイル/実DB登録を照合。 3) 復旧後の最終状態を確認。 | J107: 重複レコードを仕様どおり防止/識別。 | K107: Receiver SQLite、InfluxDB/PostgreSQL、Receiver Serilog | L107: 異常条件を解除後、通常処理へ復帰することを確認する。 | M107: P1 | N107: 実施可 | P107: DB側一意キー
A108: 107 | B108: H-009 | C108: H | D108: 図H：Receiver側SQLite／受信・DB登録状態管理 | E108: 順序 | F108: PROCESS/EVENT/SAMPLING登録順逆転 | G108: 順序依存バグ確認。 | H108: Receiver SQLiteをバックアップ済み。 | I108: 1) 各ファイルの到着/登録順を変える。 2) SQLite状態と実ファイル/実DB登録を照合。 3) 復旧後の最終状態を確認。 | J108: 種別ごとに正しいDBへ登録し、状態が混在しない。 | K108: Receiver SQLite、InfluxDB/PostgreSQL、Receiver Serilog | L108: 異常条件を解除後、通常処理へ復帰することを確認する。 | M108: P1 | N108: 実施可 | P108: 順序依存有無
A109: 108 | B109: H-010 | C109: H | D109: 図H：Receiver側SQLite／受信・DB登録状態管理 | E109: 容量 | F109: SQLite配置ディスク容量不足 | G109: 状態更新失敗とDB本体登録の整合確認。 | H109: Receiver SQLiteをバックアップ済み。 | I109: 1) 容量不足状態で受信/登録。 2) SQLite状態と実ファイル/実DB登録を照合。 3) 復旧後の最終状態を確認。 | J109: 状態不明のまま成功扱いにしない。 | K109: Receiver SQLite、InfluxDB/PostgreSQL、Receiver Serilog | L109: 異常条件を解除後、通常処理へ復帰することを確認する。 | M109: P1 | N109: 条件付き | O109: 容量制限環境 | P109: 空き容量しきい値
A110: 109 | B110: H-011 | C110: H | D110: 図H：Receiver側SQLite／受信・DB登録状態管理 | E110: 時刻 | F110: 受信・登録中に時刻変更 | G110: 処理時間・順序の異常値防止。 | H110: Receiver SQLiteをバックアップ済み。 | I110: 1) 時刻を前後させ登録。 2) SQLite状態と実ファイル/実DB登録を照合。 3) 復旧後の最終状態を確認。 | J110: 負の処理時間等を誤表示せず、仕様どおり扱う。 | K110: Receiver SQLite、InfluxDB/PostgreSQL、Receiver Serilog | L110: 異常条件を解除後、通常処理へ復帰することを確認する。 | M110: P2 | N110: 条件付き | O110: 時刻変更 | P110: Registration Pipeline時刻算出方式
A111: 110 | B111: H-012 | C111: H | D111: 図H：Receiver側SQLite／受信・DB登録状態管理 | E111: 保持 | F111: 状態履歴大量蓄積 | G111: DB肥大化時の性能・保守性確認。 | H111: Receiver SQLiteをバックアップ済み。 | I111: 1) 大量の受信/登録履歴を作成。 2) SQLite状態と実ファイル/実DB登録を照合。 3) 復旧後の最終状態を確認。 | J111: 状態更新が極端に劣化せず、上限時は仕様どおり。 | K111: Receiver SQLite、InfluxDB/PostgreSQL、Receiver Serilog | L111: 異常条件を解除後、通常処理へ復帰することを確認する。 | M111: P2 | N111: 条件付き | O111: 大量データ | P111: 保持期間
A112: 111 | B112: H-013 | C112: H | D112: 図H：Receiver側SQLite／受信・DB登録状態管理 | E112: スキーマ | F112: SQLiteスキーマ不整合 | G112: アップデート差分時の誤更新防止。 | H112: Receiver SQLiteをバックアップ済み。 | I112: 1) 旧/変更スキーマでReceiver起動。 2) SQLite状態と実ファイル/実DB登録を照合。 3) 復旧後の最終状態を確認。 | J112: 互換性異常を検出し安全に停止/移行。 | K112: Receiver SQLite、InfluxDB/PostgreSQL、Receiver Serilog | L112: 異常条件を解除後、通常処理へ復帰することを確認する。 | M112: P2 | N112: 条件付き | O112: テストDB | P112: マイグレーション
...

Sheet 集計
A1: 対象 | B1: 項目数 | C1: P1件数 | D1: 条件付き/要仕様確認件数
A2: B | B2: =COUNTIF(試験項目一覧!$C$2:$C$153,A2) -> 21 | C2: =COUNTIFS(試験項目一覧!$C$2:$C$153,A2,試験項目一覧!$M$2:$M$153,"P1") -> 16 | D2: =COUNTIFS(試験項目一覧!$C$2:$C$153,A2,試験項目一覧!$N$2:$N$153,"<>実施可") -> 10
A3: C | B3: =COUNTIF(試験項目一覧!$C$2:$C$153,A3) -> 22 | C3: =COUNTIFS(試験項目一覧!$C$2:$C$153,A3,試験項目一覧!$M$2:$M$153,"P1") -> 18 | D3: =COUNTIFS(試験項目一覧!$C$2:$C$153,A3,試験項目一覧!$N$2:$N$153,"<>実施可") -> 20
A4: D | B4: =COUNTIF(試験項目一覧!$C$2:$C$153,A4) -> 15 | C4: =COUNTIFS(試験項目一覧!$C$2:$C$153,A4,試験項目一覧!$M$2:$M$153,"P1") -> 11 | D4: =COUNTIFS(試験項目一覧!$C$2:$C$153,A4,試験項目一覧!$N$2:$N$153,"<>実施可") -> 12
A5: E | B5: =COUNTIF(試験項目一覧!$C$2:$C$153,A5) -> 10 | C5: =COUNTIFS(試験項目一覧!$C$2:$C$153,A5,試験項目一覧!$M$2:$M$153,"P1") -> 4 | D5: =COUNTIFS(試験項目一覧!$C$2:$C$153,A5,試験項目一覧!$N$2:$N$153,"<>実施可") -> 8
A6: F | B6: =COUNTIF(試験項目一覧!$C$2:$C$153,A6) -> 12 | C6: =COUNTIFS(試験項目一覧!$C$2:$C$153,A6,試験項目一覧!$M$2:$M$153,"P1") -> 4 | D6: =COUNTIFS(試験項目一覧!$C$2:$C$153,A6,試験項目一覧!$N$2:$N$153,"<>実施可") -> 12
A7: G | B7: =COUNTIF(試験項目一覧!$C$2:$C$153,A7) -> 18 | C7: =COUNTIFS(試験項目一覧!$C$2:$C$153,A7,試験項目一覧!$M$2:$M$153,"P1") -> 15 | D7: =COUNTIFS(試験項目一覧!$C$2:$C$153,A7,試験項目一覧!$N$2:$N$153,"<>実施可") -> 14
A8: H | B8: =COUNTIF(試験項目一覧!$C$2:$C$153,A8) -> 14 | C8: =COUNTIFS(試験項目一覧!$C$2:$C$153,A8,試験項目一覧!$M$2:$M$153,"P1") -> 11 | D8: =COUNTIFS(試験項目一覧!$C$2:$C$153,A8,試験項目一覧!$N$2:$N$153,"<>実施可") -> 11
A9: I | B9: =COUNTIF(試験項目一覧!$C$2:$C$153,A9) -> 8 | C9: =COUNTIFS(試験項目一覧!$C$2:$C$153,A9,試験項目一覧!$M$2:$M$153,"P1") -> 4 | D9: =COUNTIFS(試験項目一覧!$C$2:$C$153,A9,試験項目一覧!$N$2:$N$153,"<>実施可") -> 6
A10: J | B10: =COUNTIF(試験項目一覧!$C$2:$C$153,A10) -> 10 | C10: =COUNTIFS(試験項目一覧!$C$2:$C$153,A10,試験項目一覧!$M$2:$M$153,"P1") -> 5 | D10: =COUNTIFS(試験項目一覧!$C$2:$C$153,A10,試験項目一覧!$N$2:$N$153,"<>実施可") -> 10
A11: K | B11: =COUNTIF(試験項目一覧!$C$2:$C$153,A11) -> 22 | C11: =COUNTIFS(試験項目一覧!$C$2:$C$153,A11,試験項目一覧!$M$2:$M$153,"P1") -> 12 | D11: =COUNTIFS(試験項目一覧!$C$2:$C$153,A11,試験項目一覧!$N$2:$N$153,"<>実施可") -> 16
A13: 全試験項目数 | B13: 152
A14: 横断シナリオ数 | B14: 15
A15: 正常系 | B15: 既完了の前提
A16: A/L | B16: A対象外、L今回対象外

Sheet 対象定義
A1: 記号 | B1: 対象/対象外 | C1: 構成要素 | D1: 今回の評価方針 | F1: 判定値 | G1: 意味
A2: A | B2: 対象外 | C2: 装置/テストデータ生成 | D2: 完成済みのため評価対象外 | F2: 実施可 | G2: 一般的な操作だけで再現可能
A3: B | B3: 対象 | C3: Sender：指定フォルダ監視・3ファイル取得 | D3: 欠損、遅延、競合、権限、容量、境界 | F3: 条件付き | G3: 権限変更、サービス停止、負荷/通信制御等が必要
A4: C | B4: 対象 | C4: TLS gRPC送信 | D4: 通信断、TLS、再送、タイムアウト、再起動、並行 | F4: 要仕様確認 | G4: テストフックや内部仕様が不明で、現時点では可否確定不可
A5: D | B5: 対象 | C5: Sender SQLite | D5: DBロック/破損/容量/状態遷移/復旧
A6: E | B6: 対象 | C6: Sender Serilog | D6: ログ出力失敗、ローテーション、追跡性 | F6: 優先順位 | G6: 基準
A7: F | B7: 対象 | C7: CTC側OS状態取得 | D7: 高負荷、取得失敗、時刻、継続性 | F7: P1 | G7: データ欠落/重複、DB不整合、クラッシュ、復旧不能、TLS等の重大障害
A8: G | B8: 対象 | C8: Receiver：ファイル受信 | D8: 部分受信、重複、容量、権限、再起動、後段障害 | F8: P2 | G8: 性能劣化、ログ/監視の欠落、一時障害、表示整合
A9: H | B9: 対象 | C9: Receiver SQLite/DB登録状態 | D9: 状態遷移、不整合、重複、DB障害、復旧 | F9: P3 | G9: 低頻度の境界値、特殊文字、互換性等
A10: I | B10: 対象 | C10: Receiver Serilog | D10: ログ出力失敗、ローテーション、追跡性
A11: J | B11: 対象 | C11: Receiver側OS状態取得 | D11: 高負荷、取得失敗、処理時間への影響
A12: K | B12: 対象 | C12: ULsight画面表示 | D12: 欠損、重複、遅延、時刻、境界、大量、DB障害、復旧
A13: L | B13: 今回対象外 | C13: ULsight側リソース測定 | D13: 必要なら同じ方針で追加可能

Sheet 横断シナリオ
A1: ID | B1: 対象 | C1: 横断シナリオ | D1: 目的 | E1: 前提/手順 | F1: 期待結果 | G1: 優先順位 | H1: 実施可否（暫定）
A2: X-001 | B2: B→C→D→E | C2: ファイル検出直後にネットワーク断 | D2: 取得済みだが未送信のデータ保持確認 | E2: 対象3ファイル配置→Bで検出後に通信断→復旧 | F2: 未送信分が失われず、履歴/ログが整合して再送される | G2: P1 | H2: 条件付き
A3: X-002 | B3: C→G→H | C3: 受信完了直後にReceiver停止 | D3: ACK/状態更新境界の重複確認 | E3: 大容量送信→受信完了付近でReceiver停止→再起動 | F3: 再送時もDB重複がなく最終状態が整合する | G3: P1 | H3: 条件付き
A4: X-003 | B4: G→H→K | C4: 受信成功・DB停止 | D4: 受信と登録の分離/復旧確認 | E4: DB停止→受信→DB復旧→再登録→画面確認 | F4: データを失わず、復旧後に1件だけ正しく表示 | G4: P1 | H4: 条件付き
A5: X-004 | B5: D/E/F | C5: Sender側ディスク容量不足 | D5: SQLite/ログ/OS測定が同一障害で影響する場合の確認 | E5: 安全なテスト領域で容量逼迫→送信実行 | F5: 状態不明・DB破損を起こさず障害箇所を特定可能 | G5: P1 | H5: 条件付き
A6: X-005 | B6: H/I/J | C6: Receiver側ディスク容量不足 | D6: 状態DB/ログ/OS測定の複合影響確認 | E6: 受信処理中に安全な容量不足を発生 | F6: 受信/登録の成否が追跡可能で復旧後に整合する | G6: P1 | H6: 条件付き
A7: X-006 | B7: B→K | C7: 同一3ファイルセットを再投入 | D7: E2Eの重複排除/表示確認 | E7: 一度完了した同一セットを再投入 | F7: 履歴と画面が重複仕様どおりで、意図しない二重登録なし | G7: P1 | H7: 実施可
A8: X-007 | B8: B→K | C8: 大量セット一括投入 | D8: E2Eの滞留・欠落・性能確認 | E8: 多数セット投入→全件処理完了まで監視 | F8: 投入件数と受信/DB/画面件数が整合する | G8: P1 | H8: 条件付き
A9: X-008 | B9: C→K | C9: 通信断→復旧→再送 | D9: E2E復旧性確認 | E9: 送信途中断→復旧→再送→DB/画面照合 | F9: 破損/重複なしで最終的に正しい表示 | G9: P1 | H9: 条件付き
A10: X-009 | B10: B→K | C10: 3ファイルの到着順逆転 | D10: ファイル種別の独立性・関連付け確認 | E10: PROCESS→EVENT→SAMPLING順に投入 | F10: 種別を取り違えず所定DB・画面に反映 | G10: P1 | H10: 実施可
A11: X-010 | B11: C→K | C11: Sender再起動を挟む再送 | D11: 送信管理の永続性確認 | E11: 送信中Sender停止→再起動→処理継続 | F11: 未完了だけ安全に再処理され、画面に重複なし | G11: P1 | H11: 条件付き
A12: X-011 | B12: G→K | C12: Receiver再起動を挟む登録 | D12: 受信/登録管理の永続性確認 | E12: 受信中Receiver停止→再起動→再送/再登録 | F12: 最終DB・画面とSQLite状態が一致 | G12: P1 | H12: 条件付き
... A16: X-015 | B16: B→K | C16: 障害解除後の完全E2E復帰 | D16: 最終的な運用復旧性を確認 | E16: 代表的な通信/DB障害を発生→解除→新規正常セット投入 | F16: 過去障害の影響を引きずらず、新規データが正常に表示 | G16: P1 | H16: 条件付き
